Rank,DisplayName,Vehicle,Time,TimePenalty,DifferenceToFirst,Platform,
1,ppoole828,Citroën C3 Rally2,00:05:49.4530000,00:00:00,00:00:00,PSN,
2,Aciryx,Volkswagen Polo GTI R5,00:05:54.4180000,00:00:00,00:00:04.9650000,PSN,
3,Bship78,Hyundai i20 N Rally2,00:05:54.6780000,00:00:00,00:00:05.2250000,STEAM,
4,acollador98,Citroën C3 Rally2,00:06:08.4660000,00:00:00,00:00:19.0130000,PSN,
5,verguld,Volkswagen Polo GTI R5,00:06:13.2970000,00:00:05,00:00:23.8440000,PSN,
6,McToasty17,Volkswagen Polo GTI R5,00:06:30.6190000,00:00:00,00:00:41.1660000,PSN,
7,Lukefubar,Ford Fiesta Rally2,00:06:38.3970000,00:00:05,00:00:48.9440000,EA,
8,Motsky,ŠKODA Fabia Rally2 Evo,00:06:47.8730000,00:00:00,00:00:58.4200000,PSN,
9,zepy362,Hyundai i20 N Rally2,00:07:02.8740000,00:00:05,00:01:13.4210000,PSN,
10,Dinosaurr19,Hyundai i20 N Rally2,00:07:04.9650000,00:00:30,00:01:15.5120000,PSN,
11,stenbough,Ford Fiesta Rally2,00:07:19.0020000,00:00:00,00:01:29.5490000,STEAM,
12,187ninjuh,Citroën C3 Rally2,00:07:50.0880000,00:00:10,00:02:00.6350000,PSN,
13,LAMBKING4,ŠKODA Fabia Rally2 Evo,00:08:42.5810000,00:00:00,00:02:53.1280000,PSN,
14,MW-08_Jewels,Ford Fiesta Rally2,00:09:24.9220000,00:00:00,00:03:35.4690000,PSN,
15,lil-jacob221,Volkswagen Polo GTI R5,00:09:26.5470000,00:00:00,00:03:37.0940000,STEAM,
16,Kip_Duncle,ŠKODA Fabia Rally2 Evo,00:10:40.2450000,00:00:00,00:04:50.7920000,PSN,
17,Yourlocalgrocer8,Hyundai i20 N Rally2,00:16:00,00:16:00,00:10:10.5470000,PSN,
